[{
  "id": "001",
  "img": "assets/images/user/user1.jpg",
  "name": "John Deo",
  "email": "test@email.com",
  "mobile": "1234567890",
  "birthDate": "2018-02-25T14:22:18Z",
  "address": "God creature is sixth was abundantly and sea gathered i ",
  "note": "Fowl darkness our sixth heaven. In image lights fourth a hath don't Abundantly they're, image you're . God creature is sixth was abundantly and sea gathered i the two let upon days.\n\nVery make fly saying light don't. Forth, replenish likeness."
},
{
  "id": "002",
  "img": "assets/images/user/user2.jpg",
  "name": "Sarah Smith",
  "email": "test@email.com",
  "mobile": "1234567890",
  "birthDate": "1985-04-14T14:22:18Z",
  "address": "Celeste Slater 606-3727 Ullamcorper. Street Roseville NH 11523",
  "note": "Winged lights seed don't to him. Be day fish whose had that it him sea bearing abundantly greater. Behold midst had.\n\nBeginning whose man that earth, their can't first after which, isn't. Day from the.Self Promotion :)"
},
{
  "id": "003",
  "img": "assets/images/user/user3.jpg",
  "name": "Edna Gilbert",
  "email": "test@email.com",
  "mobile": "1234567890",
  "birthDate": "1983-11-08T14:22:18Z",
  "address": "Hiroko Potter P.O. Box 887 2508 Dolor. Av. Muskegon KY 12482",
  "note": "Gathering above day. Air Heaven beast multiply us together. Signs every fowl said shall forth. Made fruit without signs fill good. Bring two morning place Own.\n\nGod there his dry beginning waters own you wherein kind she'd abundantly, deep. Abundantly."
},
{
  "id": "004",
  "img": "assets/images/user/user4.jpg",
  "name": "Shelia Osterberg",
  "email": "test@email.com",
  "mobile": "1234567890",
  "birthDate": "1988-05-20T14:22:18Z",
  "address": "881 Beechwood St.Beloit, WI 53511",
  "note": "Why does the tested dust ray the featured rubbish? The stereo incentive malfunctions across the eligible gossip. \n\nHer sober receiver sections a cuddly afternoon. A mobile outline multiplies against the attribute. Why can't the realizing instinct triumph? The owner abides."
},
{
  "id": "005",
  "img": "assets/images/user/user5.jpg",
  "name": "Barbara Garland",
  "email": "test@email.com",
  "mobile": "1234567890",
  "birthDate": "1987-04-18T14:22:18Z",
  "address": "107 Ashley Ave Lakewood, New Jersey",
  "note": "The friendship beams in this dedicate smoker. The lark yawns! A diet fasts outside the sail. Each infrastructure interferes with each snobbery. The lung scratches the likelihood."
},
{
  "id": "006",
  "img": "assets/images/user/user6.jpg",
  "name": "Sarah Smith",
  "email": "test@email.com",
  "mobile": "1234567890",
  "birthDate": "1983-11-08T14:22:18Z",
  "address": "Shanti Nagar Bldg No B 4, Sector No 6, Mira Road",
  "note": "The glass relaxes in a buffer. Any larger bitmap parades. The socialist succeeds throughout the pizza. The explicit tag retracts a merging postcard. A pool aborts behind the intellect!"
},
{
  "id": "007",
  "img": "assets/images/user/user7.jpg",
  "name": "Marie Brodsky",
  "email": "test@email.com",
  "mobile": "1234567890",
  "birthDate": "1983-11-08T14:22:18Z",
  "address": "D-178/2, Ttc Industrial Area, Midc, Nerul",
  "note": "Behind whatever mist stumbles the unknown colleague. Will the event mother the store network? \n\nAn asynchronous abandon beefs the primitive satellite. The hazard parses an insulting participant. How can the sailing inventor caution within the microprocessor? How does a strain horn the condemning telescope?"
},
{
  "id": "008",
  "img": "assets/images/user/user8.jpg",
  "name": "Kara Thompson",
  "email": "test@email.com",
  "mobile": "1234567890",
  "birthDate": "1987-04-18T14:22:18Z",
  "address": "H-6, 1st Fl., Omkar, Near Marathi Vidhiyalaya,",
  "note": "The west influences the scarlet lord. How can the hindsight awake a needless substitute? The cluster prefers another gratuitous terror. The humane viewer fails against a particle. The digest brushes against the mum bog."
},
{
  "id": "009",
  "img": "assets/images/user/user9.jpg",
  "name": "Joseph Nye",
  "email": "test@email.com",
  "mobile": "1234567890",
  "birthDate": "1988-05-20T14:22:18Z",
  "address": "26, 2nd Flr, Nariman Bhavan, Nariman Point",
  "note": "An elect leg bays. A dustbin gasps the bug. The populace suggests a longer dependence. An intimate possesses its deaf photocopy throughout the appearance."
},
{
  "id": "010",
  "img": "assets/images/user/user10.jpg",
  "name": "Ricardo Wendler",
  "email": "test@email.com",
  "mobile": "1234567890",
  "birthDate": "1985-04-14T14:22:18Z",
  "address": "1st Floor P.o. Box No 3261, 39 Nagdevi Street,",
  "note": "Gathering above day. Air Heaven beast multiply us together. Signs every fowl said shall forth. Made fruit without signs fill good. Bring two morning place Own.\n\nGod there his dry beginning waters own you wherein kind she'd abundantly, deep. Abundantly."
},
{
  "id": "011",
  "img": "assets/images/user/user1.jpg",
  "name": "Brian Shelley",
  "email": "test@email.com",
  "mobile": "1234567890",
  "birthDate": "1983-11-08T14:22:18Z",
  "address": "Shop 4, Shanti Darshan, Opp Veena Hotel, Stn Rd,",
  "note": "The assumed seed fringes a decay. The skill watches the miserable separator. A dip bicycles beside a guidance! Why does the burning concept laugh?"
},
{
  "id": "012",
  "img": "assets/images/user/user2.jpg",
  "name": "Theresa Bullock",
  "email": "test@email.com",
  "mobile": "1234567890",
  "birthDate": "1988-05-20T14:22:18Z",
  "address": "Mogra Village Road, J B Nagar, Andheri (west)",
  "note": "How can the twisting century dare a sure fluid? The bullet evaluates the initial purchase. A disregard fiddles over the cosy shorthand. \n\nEvery populace redirects a twelve pain. An evolutionary eyesight lusts throughout an earlier axiom. A bananas melody camps on top of a bloody terrorist."
},
{
  "id": "013",
  "img": "assets/images/user/user3.jpg",
  "name": "Jeannie Elder",
  "email": "test@email.com",
  "mobile": "1234567890",
  "birthDate": "1987-04-18T14:22:18Z",
  "address": "Plot 129, D 1, Swami Vivekanand Nagar",
  "note": "Any microwave conducts a convict tree. The lip moans before an ozone. Any gateway interests my nearest rhyme. A client apologizes for a bias. The traveled camera bores every eight dash."
}
]
