{
  "total": 1,
  "totalFound": 1,
  "pageNumber": 1,
  "pageSize": 2,
  "data": [
    {
      "id": 1,
      "employee_no": "22529023",
      "knox_id": "vanteo.nguyen",
      "employee_name": "Nguyễn Văn Tèo",
      "employee_team": "Mobile S/W P /SEHC",
      "product": "V/C",
      "part": "Mobile P",
      "pass_score": 80,
      "start_date": "15-02-2024 07:00:00",
      "end_date": "15-02-2024 07:00:00",
      "last_certificate_date": "15-03-2024 07:00:00",
      "next_certificate_date": "15-03-2026 07:00:00",
      "delay": 100,
      "remark": "no remark",
      "is_actived": 1,
      "registrant_no": null,
      "registrant_knox_id": null,
      "registrant_name": null,
      "registrant_team": null,
      "register_date": "18-03-2024 14:44:27",
      "created_by": null,
      "created_at": null,
      "modified_by": null,
      "modified_at": "18-03-2024 14:44:27",
      "gbm_id": 1,
      "plant_id": 2,
      "process_id": 2,
      "process_detail_id": 3,
      "certificate_status_id": 2,
      "gbm_name": "DA",
      "plant_name": "[P553]SEHC",
      "process_name": "CS",
      "process_detail_name": "IBI",
      "certificate_status_name": "Certification Complete",
      "file_names": "test_cer.pdf,test_cer.docx,test_cer.pdf,test_cer.docx,test_cer.pdf,test_cer.docx,test_cer.pdf,test_cer.docx,Certification 1"
    },
    {
      "id": 1,
      "employee_no": "22529023",
      "knox_id": "vanteo.nguyen",
      "employee_name": "Nguyễn Văn Tèo",
      "employee_team": "Mobile S/W P /SEHC",
      "product": "V/C",
      "part": "Mobile P",
      "pass_score": 80,
      "start_date": "15-02-2024 07:00:00",
      "end_date": "15-02-2024 07:00:00",
      "last_certificate_date": "15-03-2024 07:00:00",
      "next_certificate_date": "15-03-2026 07:00:00",
      "delay": 100,
      "remark": "no remark",
      "is_actived": 1,
      "registrant_no": null,
      "registrant_knox_id": null,
      "registrant_name": null,
      "registrant_team": null,
      "register_date": "18-03-2024 14:44:27",
      "created_by": null,
      "created_at": null,
      "modified_by": null,
      "modified_at": "18-03-2024 14:44:27",
      "gbm_id": 1,
      "plant_id": 2,
      "process_id": 2,
      "process_detail_id": 3,
      "certificate_status_id": 2,
      "gbm_name": "DA",
      "plant_name": "[P553]SEHC",
      "process_name": "CS",
      "process_detail_name": "IBI",
      "certificate_status_name": "Certification Complete",
      "file_names": "test_cer.pdf,test_cer.docx,test_cer.pdf,test_cer.docx,test_cer.pdf,test_cer.docx,test_cer.pdf,test_cer.docx,Certification 1"
    },
    {
      "id": 1,
      "employee_no": "22529023",
      "knox_id": "vanteo.nguyen",
      "employee_name": "Nguyễn Văn Tèo",
      "employee_team": "Mobile S/W P /SEHC",
      "product": "V/C",
      "part": "Mobile P",
      "pass_score": 80,
      "start_date": "15-02-2024 07:00:00",
      "end_date": "15-02-2024 07:00:00",
      "last_certificate_date": "15-03-2024 07:00:00",
      "next_certificate_date": "15-03-2026 07:00:00",
      "delay": 100,
      "remark": "no remark",
      "is_actived": 1,
      "registrant_no": null,
      "registrant_knox_id": null,
      "registrant_name": null,
      "registrant_team": null,
      "register_date": "18-03-2024 14:44:27",
      "created_by": null,
      "created_at": null,
      "modified_by": null,
      "modified_at": "18-03-2024 14:44:27",
      "gbm_id": 1,
      "plant_id": 2,
      "process_id": 2,
      "process_detail_id": 3,
      "certificate_status_id": 2,
      "gbm_name": "DA",
      "plant_name": "[P553]SEHC",
      "process_name": "CS",
      "process_detail_name": "IBI",
      "certificate_status_name": "Certification Complete",
      "file_names": "test_cer.pdf,test_cer.docx,test_cer.pdf,test_cer.docx,test_cer.pdf,test_cer.docx,test_cer.pdf,test_cer.docx,Certification 1"
    },
    {
      "id": 1,
      "employee_no": "22529023",
      "knox_id": "vanteo.nguyen",
      "employee_name": "Nguyễn Văn Tèo",
      "employee_team": "Mobile S/W P /SEHC",
      "product": "V/C",
      "part": "Mobile P",
      "pass_score": 80,
      "start_date": "15-02-2024 07:00:00",
      "end_date": "15-02-2024 07:00:00",
      "last_certificate_date": "15-03-2024 07:00:00",
      "next_certificate_date": "15-03-2026 07:00:00",
      "delay": 100,
      "remark": "no remark",
      "is_actived": 1,
      "registrant_no": null,
      "registrant_knox_id": null,
      "registrant_name": null,
      "registrant_team": null,
      "register_date": "18-03-2024 14:44:27",
      "created_by": null,
      "created_at": null,
      "modified_by": null,
      "modified_at": "18-03-2024 14:44:27",
      "gbm_id": 1,
      "plant_id": 2,
      "process_id": 2,
      "process_detail_id": 3,
      "certificate_status_id": 2,
      "gbm_name": "DA",
      "plant_name": "[P553]SEHC",
      "process_name": "CS",
      "process_detail_name": "IBI",
      "certificate_status_name": "Certification Complete",
      "file_names": "test_cer.pdf,test_cer.docx,test_cer.pdf,test_cer.docx,test_cer.pdf,test_cer.docx,test_cer.pdf,test_cer.docx,Certification 1"
    },
    {
      "id": 1,
      "employee_no": "22529023",
      "knox_id": "vanteo.nguyen",
      "employee_name": "Nguyễn Văn Tèo",
      "employee_team": "Mobile S/W P /SEHC",
      "product": "V/C",
      "part": "Mobile P",
      "pass_score": 80,
      "start_date": "15-02-2024 07:00:00",
      "end_date": "15-02-2024 07:00:00",
      "last_certificate_date": "15-03-2024 07:00:00",
      "next_certificate_date": "15-03-2026 07:00:00",
      "delay": 100,
      "remark": "no remark",
      "is_actived": 1,
      "registrant_no": null,
      "registrant_knox_id": null,
      "registrant_name": null,
      "registrant_team": null,
      "register_date": "18-03-2024 14:44:27",
      "created_by": null,
      "created_at": null,
      "modified_by": null,
      "modified_at": "18-03-2024 14:44:27",
      "gbm_id": 1,
      "plant_id": 2,
      "process_id": 2,
      "process_detail_id": 3,
      "certificate_status_id": 2,
      "gbm_name": "DA",
      "plant_name": "[P553]SEHC",
      "process_name": "CS",
      "process_detail_name": "IBI",
      "certificate_status_name": "Certification Complete",
      "file_names": "test_cer.pdf,test_cer.docx,test_cer.pdf,test_cer.docx,test_cer.pdf,test_cer.docx,test_cer.pdf,test_cer.docx,Certification 1"
    }
  ]
}
